timeStamp,elapsed,label,responseCode,responseMessage,threadName,dataType,success,failureMessage,bytes,sentBytes,grpThreads,allThreads,URL,Filename,Latency,Encoding,SampleCount,ErrorCount,Hostname,IdleTime,Connect
946681200000,419,MSSQLMS_SQL_TestCase#1,200,OK,Thread Group 1-1,text,true,,12,0,1,1,null,,419,ISO-8859-1,1,0,ymaksymchuk-mm.local,0,393
946681202001,148,MSSQLMS_SQL_TestCase#1,200,OK,Thread Group 1-2,text,true,,12,0,1,1,null,,148,ISO-8859-1,1,0,ymaksymchuk-mm.local,0,138
946681203997,151,MSSQLMS_SQL_TestCase#1,200,OK,Thread Group 1-3,text,true,,12,0,1,1,null,,151,ISO-8859-1,1,0,ymaksymchuk-mm.local,0,140
946681205994,141,MSSQLMS_SQL_TestCase#1,200,OK,Thread Group 1-4,text,true,,12,0,1,1,null,,141,ISO-8859-1,1,0,ymaksymchuk-mm.local,0,132
946681207994,145,MSSQLMS_SQL_TestCase#1,200,OK,Thread Group 1-5,text,true,,12,0,1,1,null,,145,ISO-8859-1,1,0,ymaksymchuk-mm.local,0,135
946681200000,491,PostgresPostgreSQL_TesCase#1,200,OK,Thread Group 1-1,text,true,,11,0,1,1,null,,490,ISO-8859-1,1,0,ymaksymchuk-mm.local,0,477
946681200500,218,PostgresPostgreSQL_TesCase#1,200,OK,Thread Group 1-2,text,true,,11,0,1,1,null,,218,ISO-8859-1,1,0,ymaksymchuk-mm.local,0,205
946681200997,222,PostgresPostgreSQL_TesCase#1,200,OK,Thread Group 1-3,text,true,,11,0,1,1,null,,222,ISO-8859-1,1,0,ymaksymchuk-mm.local,0,209
946681201498,219,PostgresPostgreSQL_TesCase#1,200,OK,Thread Group 1-4,text,true,,11,0,1,1,null,,219,ISO-8859-1,1,0,ymaksymchuk-mm.local,0,204
946681201999,217,PostgresPostgreSQL_TesCase#1,200,OK,Thread Group 1-5,text,true,,11,0,1,1,null,,217,ISO-8859-1,1,0,ymaksymchuk-mm.local,0,204
946681202500,220,PostgresPostgreSQL_TesCase#1,200,OK,Thread Group 1-6,text,true,,11,0,1,1,null,,220,ISO-8859-1,1,0,ymaksymchuk-mm.local,0,207
946681202997,220,PostgresPostgreSQL_TesCase#1,200,OK,Thread Group 1-7,text,true,,11,0,1,1,null,,220,ISO-8859-1,1,0,ymaksymchuk-mm.local,0,207
946681203497,220,PostgresPostgreSQL_TesCase#1,200,OK,Thread Group 1-8,text,true,,11,0,1,1,null,,220,ISO-8859-1,1,0,ymaksymchuk-mm.local,0,207
946681203996,214,PostgresPostgreSQL_TesCase#1,200,OK,Thread Group 1-9,text,true,,11,0,1,1,null,,214,ISO-8859-1,1,0,ymaksymchuk-mm.local,0,201
946681204496,238,PostgresPostgreSQL_TesCase#1,200,OK,Thread Group 1-10,text,true,,11,0,1,1,null,,238,ISO-8859-1,1,0,ymaksymchuk-mm.local,0,223
